NAME,STAT,LEVEL,LAT,LON,TIME,WIND,PR
Franklin,TROPICAL STORM,2,16.40,-83.00,08/07 12:00 AM,35,1006
Franklin,TROPICAL STORM,2,17.10,-84.20,08/07 6:00 AM,40,1005
Franklin,TROPICAL STORM,2,17.70,-85.10,08/07 12:00 PM,50,999
Franklin,TROPICAL STORM,2,18.60,-85.90,08/07 6:00 PM,50,998
Franklin,TROPICAL STORM,2,19.10,-87.30,08/08 12:00 AM,50,995
Franklin,TROPICAL STORM,2,19.30,-88.50,08/08 6:00 AM,45,998
Franklin,TROPICAL STORM,2,19.60,-89.60,08/08 12:00 PM,40,1001
Franklin,TROPICAL STORM,2,20.20,-90.30,08/08 6:00 PM,35,1001
Franklin,TROPICAL STORM,2,20.30,-91.30,08/09 12:00 AM,45,996
Franklin,TROPICAL STORM,2,20.40,-92.70,08/09 6:00 AM,55,994
Franklin,TROPICAL STORM,2,20.20,-93.90,08/09 12:00 AM,60,985
Franklin,HURRICANE-1,3,20.10,-94.90,08/09 6:00 PM,65,984
Franklin,HURRICANE-1,3,20.20,-96.10,08/10 12:00 AM,75,985
Franklin,TROPICAL STORM,2,19.90,-97.60,08/10 6:00 AM,60,992
Gert,TROPICAL DEPRESSION,1,25.30,-70.30,08/13 12:00 AM,30,1011
Gert,TROPICAL DEPRESSION,1,26.50,-70.90,08/13 6:00 AM,30,1011
Gert,TROPICAL DEPRESSION,1,27.40,-71.50,08/13 12:00 PM,30,1011
Gert,TROPICAL STORM,2,28.10,-71.70,08/13 6:00 PM,35,1011
Gert,TROPICAL STORM,2,28.80,-71.90,08/14 12:00 AM,40,1009
Gert,TROPICAL STORM,2,29.70,-72.20,08/14 6:00 AM,40,1009
Gert,TROPICAL STORM,2,30.30,-72.20,08/14 12:00 PM,50,1002
Gert,TROPICAL STORM,2,30.60,-72.30,08/14 6:00 PM,60,992
Gert,HURRICANE-1,3,31.20,-72.30,08/15 12:00 AM,65,986
Gert,HURRICANE-1,3,31.80,-72.50,08/15 6:00 AM,65,986
Gert,HURRICANE-1,3,32.80,-72.00,08/15 12:00 PM,65,986
Gert,HURRICANE-1,3,33.70,-71.20,08/15 6:00 PM,70,981
Gert,HURRICANE-1,3,34.80,-70.30,08/16 12:00 AM,75,979
Gert,HURRICANE-1,3,36.00,-68.40,08/16 6:00 AM,80,975
Gert,HURRICANE-1,3,37.40,-65.70,08/16 12:00 PM,80,975
Gert,HURRICANE-2,4,38.70,-62.40,08/16 6:00 PM,85,970
Gert,HURRICANE-2,4,40.10,-58.40,08/17 12:00 AM,90,967
Gert,HURRICANE-2,4,41.70,-54.00,08/17 6:00 AM,85,968
Gert,HURRICANE-1,3,43.20,-50.00,08/17 12:00 PM,70,975
Harvey,TROPICAL STORM,2,13.00,-55.80,08/17 6:00 PM,35,1004
Harvey,TROPICAL STORM,2,13.00,-57.40,08/18 12:00 AM,35,1005
Harvey,TROPICAL STORM,2,13.10,-59.10,08/18 6:00 AM,35,1004
Harvey,TROPICAL STORM,2,13.10,-61.30,08/18 12:00 PM,35,1005
Harvey,TROPICAL STORM,2,13.40,-62.90,08/18 6:00 PM,35,1005
Harvey,TROPICAL STORM,2,13.70,-64.10,08/19 12:00 AM,35,1005
Harvey,TROPICAL STORM,2,13.80,-65.90,08/19 6:00 AM,35,1005
Harvey,TROPICAL STORM,2,13.90,-68.10,08/19 12:00 PM,35,1007
Harvey,TROPICAL DEPRESSION,1,14.10,-70.00,08/19 6:00 PM,30,1007
Harvey,TROPICAL DEPRESSION,1,21.50,-92.50,08/23 12:00 PM,30,1006
Harvey,TROPICAL DEPRESSION,1,21.60,-92.60,08/23 6:00 PM,30,1005
Harvey,TROPICAL DEPRESSION,1,21.90,-92.60,08/24 12:00 AM,30,1002
Harvey,TROPICAL STORM,2,23.20,-92.80,08/24 6:00 AM,40,995
Harvey,TROPICAL STORM,2,24.00,-93.30,08/24 12:00 PM,55,982
Harvey,HURRICANE-1,3,24.40,-93.60,08/24 6:00 PM,75,979
Harvey,HURRICANE-1,3,24.70,-93.90,08/24 6:00 PM,75,976
Harvey,HURRICANE-1,3,25.20,-94.60,08/25 12:00 AM,75,973
Harvey,HURRICANE-2,4,25.90,-95.40,08/25 6:00 AM,90,967
Harvey,HURRICANE-2,4,26.70,-96.00,08/25 12:00 PM,95,947
Harvey,HURRICANE-3,5,27.50,-96.50,08/25 6:00 PM,110,941
Harvey,HURRICANE-4,6,28.00,-97.00,08/26 12:00 AM,115,938
Harvey,HURRICANE-2,4,28.50,-97.20,08/26 6:00 AM,85,963
Harvey,HURRICANE-1,3,28.90,-97.30,08/26 12:00 PM,65,984
Harvey,TROPICAL STORM,2,29.10,-97.60,08/26 6:00 PM,55,990
Harvey,TROPICAL STORM,2,29.30,-97.30,08/27 12:00 AM,45,994
Harvey,TROPICAL STORM,2,29.20,-97.70,08/27 6:00 AM,40,998
Harvey,TROPICAL STORM,2,29.00,-97.40,08/27 12:00 PM,35,1000
Harvey,TROPICAL STORM,2,29.00,-97.00,08/27 6:00 PM,35,1000
Harvey,TROPICAL STORM,2,28.80,-96.60,08/28 12:00 AM,35,1000
Harvey,TROPICAL STORM,2,28.60,-96.30,08/28 6:00 AM,35,998
Harvey,TROPICAL STORM,2,28.50,-96.00,08/28 12:00 PM,35,997
Harvey,TROPICAL STORM,2,28.50,-95.70,08/28 6:00 PM,40,997
Harvey,TROPICAL STORM,2,28.20,-95.30,08/29 12:00 AM,40,997
Harvey,TROPICAL STORM,2,28.10,-94.80,08/29 6:00 AM,40,997
Harvey,TROPICAL STORM,2,28.40,-94.30,08/29 12:00 PM,40,997
Harvey,TROPICAL STORM,2,29.20,-94.30,08/29 6:00 PM,45,994
Harvey,TROPICAL STORM,2,29.00,-93.60,08/30 12:00 AM,45,994
Harvey,TROPICAL STORM,2,29.80,-93.40,08/30 6:00 AM,40,990
Harvey,TROPICAL STORM,2,30.50,-93.30,08/30 12:00 PM,40,993
Harvey,TROPICAL STORM,2,30.80,-93.10,08/30 6:00 PM,35,998
Harvey,TROPICAL DEPRESSION,1,31.70,-92.30,08/31 12:00 AM,30,998
Harvey,TROPICAL DEPRESSION,1,32.30,-92.00,08/31 6:00 AM,25,998
Harvey,TROPICAL DEPRESSION,1,32.50,-91.40,08/31 12:00 PM,15,1002
Harvey,TROPICAL DEPRESSION,1,33.80,-90.50,08/31 6:00 PM,15,1000
Harvey,TROPICAL DEPRESSION,1,34.30,-89.00,09/01 12:00 AM,25,1000
Harvey,TROPICAL DEPRESSION,1,35.70,-87.20,09/01 6:00 AM,25,1001
Irma,TROPICAL STORM,2,16.40000000,-30.30000000,08/30 12:00 PM,45,1004
Irma,TROPICAL STORM,2,16.40000000,-31.20000000,08/30 6:00 PM,50,1001
Irma,TROPICAL STORM,2,16.40000000,-32.20000000,08/31 12:00 AM,55,999
Irma,TROPICAL STORM,2,16.50000000,-32.90000000,08/31 6:00 AM,60,997
Irma,HURRICANE-2,4,16.90000000,-33.80000000,08/31 12:00 PM,85,979
Irma,HURRICANE-3,5,17.30000000,-34.80000000,08/31 6:00 PM,100,967
Irma,HURRICANE-3,5,17.80000000,-35.60000000,09/01 12:00 AM,100,967
Irma,HURRICANE-3,5,18.20000000,-36.50000000,09/01 6:00 AM,100,967
Irma,HURRICANE-2,4,18.50000000,-37.80000000,09/01 12:00 PM,95,972
Irma,HURRICANE-3,5,18.80000000,-39.10000000,09/01 6:00 PM,105,964
Irma,HURRICANE-3,5,19.10000000,-40.50000000,09/02 12:00 AM,100,967
Irma,HURRICANE-2,4,19.00000000,-41.80000000,09/02 6:00 AM,95,970
Irma,HURRICANE-2,4,18.80000000,-43.30000000,09/02 12:00 PM,95,973
Irma,HURRICANE-2,4,18.50000000,-44.60000000,09/02 6:00 PM,95,973
Irma,HURRICANE-2,4,18.30000000,-46.20000000,09/03 12:00 AM,95,973
Irma,HURRICANE-3,5,18.00000000,-47.50000000,09/03 6:00 AM,100,969
Irma,HURRICANE-3,5,17.70000000,-48.40000000,09/03 12:00 PM,100,969
Irma,HURRICANE-3,5,17.60000000,-49.80000000,09/03 6:00 PM,100,969
Irma,HURRICANE-3,5,17.20000000,-51.00000000,09/04 12:00 AM,100,961
Irma,HURRICANE-3,5,16.90000000,-52.30000000,09/04 6:00 AM,100,961
Irma,HURRICANE-3,5,16.80000000,-53.30000000,09/04 12:00 PM,105,944
Irma,HURRICANE-4,6,16.70000000,-54.40000000,09/04 6:00 PM,115,944
Irma,HURRICANE-4,6,16.70000000,-55.60000000,09/05 12:00 AM,120,943
Irma,HURRICANE-4,6,16.60000000,-57.00000000,09/05 6:00 AM,130,937
Irma,HURRICANE-5,7,16.70000000,-57.70000000,09/05 6:00 AM,150,929
Irma,HURRICANE-5,7,16.80000000,-58.40000000,09/05 12:00 PM,155,931
Irma,HURRICANE-5,7,17.10000000,-59.80000000,09/05 6:00 PM,160,926
Irma,HURRICANE-5,7,17.40000000,-61.10000000,09/06 12:00 AM,160,916
Irma,HURRICANE-5,7,17.90000000,-62.60000000,09/06 6:00 AM,160,914
Irma,HURRICANE-5,7,18.20000000,-64.00000000,09/06 12:00 PM,160,918
Irma,HURRICANE-5,7,18.80000000,-65.40000000,09/06 6:00 PM,160,914
Irma,HURRICANE-5,7,19.40000000,-66.80000000,09/07 12:00 AM,160,916
Irma,HURRICANE-5,7,20.00000000,-68.30000000,09/07 6:00 AM,155,921
Irma,HURRICANE-5,7,20.40000000,-69.70000000,09/07 12:00 PM,150,921
Irma,HURRICANE-5,7,20.90000000,-71.10000000,09/07 6:00 PM,150,922
Irma,HURRICANE-5,7,21.30000000,-72.40000000,09/08 12:00 AM,145,920
Irma,HURRICANE-4,6,21.70000000,-73.80000000,09/08 6:00 AM,135,925
Irma,HURRICANE-4,6,22.00000000,-75.30000000,09/08 12:00 PM,130,927
Irma,HURRICANE-4,6,22.10000000,-76.50000000,09/08 6:00 PM,135,925
Irma,HURRICANE-5,7,22.10000000,-77.70000000,09/09/11Z,140,924
Irma,HURRICANE-4,6,22.50000000,-78.80000000,09/09/20Z,135,930
Irma,HURRICANE-3,5,22.80000000,-79.80000000,09/09 12:00 PM,110,941
Irma,HURRICANE-3,5,23.40000000,-80.50000000,09/09 6:00 PM,110,933
Irma,HURRICANE-3,5,23.50000000,-81.00000000,09/10 12:00 AM,105,933
Irma,HURRICANE-4,6,24.10000000,-81.50000000,09/10 6:00 AM,115,928
Irma,HURRICANE-4,6,25.00000000,-81.50000000,09/10 12:00 PM,115,933
Irma,HURRICANE-2,4,26.20000000,-81.80000000,09/10 6:00 PM,95,938
Irma,HURRICANE-2,4,27.50000000,-81.90000000,09/11 12:00 AM,85,952
Irma,HURRICANE-1,3,28.90000000,-82.60000000,09/11 6:00 AM,65,965
Irma,TROPICAL STORM,2,30.30000000,-83.10000000,09/11 12:00 PM,55,975
Irma,TROPICAL STORM,2,31.50000000,-84.00000000,09/11 6:00 PM,45,985
Irma,TROPICAL DEPRESSION,1,32.40000000,-84.90000000,09/12 12:00 AM,30,988
Jose,TROPICAL STORM,2,12.30,-39.10,09/05 12:00 PM,35,1008
Jose,TROPICAL STORM,2,12.50,-40.60,09/05 6:00 PM,40,1006
Jose,TROPICAL STORM,2,12.30,-41.70,09/06 12:00 AM,45,1004
Jose,TROPICAL STORM,2,12.50,-42.80,09/06 6:00 AM,50,1002
Jose,TROPICAL STORM,2,13.10,-44.50,09/06 12:00 PM,60,998
Jose,HURRICANE-1,3,13.90,-45.80,09/06 6:00 PM,65,994
Jose,HURRICANE-1,3,14.40,-47.50,09/07 12:00 AM,75,989
Jose,HURRICANE-1,3,14.80,-49.10,09/07 6:00 AM,80,986
Jose,HURRICANE-1,3,14.90,-50.60,09/07 12:00 PM,80,986
Jose,HURRICANE-3,5,15.50,-52.40,09/07 6:00 PM,105,966
Jose,HURRICANE-3,5,15.60,-53.90,09/08 12:00 AM,105,966
Jose,HURRICANE-3,5,16.00,-55.30,09/08 6:00 AM,110,957
Jose,HURRICANE-4,6,16.30,-57.10,09/08 12:00 PM,130,942
Jose,HURRICANE-4,6,16.60,-58.30,09/08 6:00 PM,130,940
Jose,HURRICANE-4,6,16.90,-59.30,09/09 12:00 AM,135,938
Jose,HURRICANE-4,6,17.50,-60.30,09/09 6:00 AM,130,940
Jose,HURRICANE-4,6,18.30,-61.30,09/09 12:00 PM,125,945
Jose,HURRICANE-4,6,19.20,-62.40,09/09 6:00 PM,125,945
Jose,HURRICANE-4,6,19.80,-63.40,09/10 12:00 AM,115,944
Jose,HURRICANE-4,6,20.80,-64.50,09/10 6:00 AM,115,944
Jose,HURRICANE-4,6,21.70,-65.80,09/10 12:00 PM,115,944
Jose,HURRICANE-3,5,22.80,-66.90,09/10 6:00 PM,105,956
Jose,HURRICANE-3,5,23.70,-68.10,09/11 12:00 AM,100,962
Jose,HURRICANE-2,4,24.40,-68.60,09/11 6:00 AM,90,968
Jose,HURRICANE-2,4,25.50,-69.10,09/11 12:00 PM,90,968
Jose,HURRICANE-2,4,26.40,-69.20,09/11 6:00 PM,85,973
Jose,HURRICANE-1,3,27.10,-69.50,09/12 12:00 AM,75,982
Jose,HURRICANE-1,3,27.50,-69.00,09/12 6:00 AM,65,987
Jose,HURRICANE-1,3,27.50,-68.30,09/12 12:00 PM,65,987
Jose,HURRICANE-1,3,27.60,-67.40,09/12 6:00 PM,65,987
Jose,HURRICANE-1,3,26.50,-66.40,09/13 12:00 AM,65,985
Jose,HURRICANE-1,3,26.10,-66.00,09/13 6:00 AM,65,985
Jose,HURRICANE-1,3,25.50,-65.60,09/13 12:00 PM,65,985
Jose,HURRICANE-1,3,25.30,-65.60,09/13 6:00 PM,65,988
Jose,HURRICANE-1,3,25.20,-66.00,09/14 12:00 AM,70,985
Jose,HURRICANE-1,3,25.10,-66.50,09/14 6:00 AM,65,986
Jose,TROPICAL STORM,2,24.90,-66.60,09/14 12:00 PM,60,989
Jose,TROPICAL STORM,2,25.20,-67.30,09/14 6:00 PM,60,989
Jose,TROPICAL STORM,2,25.50,-68.00,09/15 12:00 AM,60,989
Jose,TROPICAL STORM,2,25.90,-68.70,09/15 6:00 AM,60,989
Jose,TROPICAL STORM,2,26.50,-69.40,09/15 12:00 PM,60,989
Jose,HURRICANE-1,3,27.10,-70.30,09/15 6:00 PM,65,983
Jose,HURRICANE-1,3,27.40,-71.00,09/16 12:00 AM,70,983
Jose,HURRICANE-1,3,27.90,-71.80,09/16 6:00 AM,70,983
Jose,HURRICANE-1,3,28.80,-72.20,09/16 12:00 PM,70,982
Jose,HURRICANE-1,3,28.90,-71.90,09/16 6:00 PM,70,973
Jose,HURRICANE-1,3,29.20,-71.80,09/17 12:00 AM,70,973
Jose,HURRICANE-1,3,30.00,-71.70,09/17 6:00 AM,70,973
Jose,HURRICANE-1,3,31.00,-71.90,09/17 12:00 PM,80,967
Jose,HURRICANE-1,3,31.50,-71.80,09/17 6:00 PM,80,967
Jose,HURRICANE-1,3,32.20,-71.60,09/18 12:00 AM,80,972
Jose,HURRICANE-1,3,33.00,-71.40,09/18 6:00 AM,75,974
Jose,HURRICANE-1,3,33.90,-71.10,09/18 12:00 PM,65,977
Jose,HURRICANE-1,3,34.80,-71.10,09/18 6:00 PM,65,977
Jose,HURRICANE-1,3,35.20,-71.30,09/19 12:00 AM,65,975
Jose,HURRICANE-1,3,36.00,-71.30,09/19 6:00 AM,65,971
Jose,HURRICANE-1,3,36.50,-71.70,09/19 12:00 PM,65,976
Jose,HURRICANE-1,3,37.20,-71.30,09/19 6:00 PM,65,976
Jose,TROPICAL STORM,2,37.90,-70.80,09/20 12:00 AM,60,973
Jose,TROPICAL STORM,2,38.40,-70.30,09/20 6:00 AM,55,975
Jose,TROPICAL STORM,2,39.00,-70.00,09/20 12:00 PM,60,976
Jose,TROPICAL STORM,2,39.20,-69.10,09/21 12:00 AM,60,976
Jose,TROPICAL STORM,2,39.50,-68.20,09/21 12:00 AM,50,982
Jose,TROPICAL STORM,2,39.80,-67.80,09/21 6:00 AM,50,982
Jose,TROPICAL STORM,2,39.60,-68.20,09/21 12:00 PM,50,984
Jose,TROPICAL STORM,2,39.60,-67.90,09/21 6:00 PM,45,987
Katia,TROPICAL DEPRESSION,1,22.40,-96.70,09/05 6:00 PM,30,1008
Katia,TROPICAL DEPRESSION,1,22.20,-96.40,09/06 12:00 AM,30,1008
Katia,TROPICAL STORM,2,22.10,-96.30,09/06 6:00 AM,35,1006
Katia,TROPICAL STORM,2,21.70,-95.90,09/06 12:00 PM,40,1004
Katia,HURRICANE-1,3,21.70,-95.10,09/06 6:00 PM,65,992
Katia,HURRICANE-1,3,21.70,-94.80,09/07 12:00 AM,70,989
Katia,HURRICANE-1,3,21.50,-94.50,09/07 6:00 AM,70,989
Katia,HURRICANE-1,3,21.60,-94.60,09/07 12:00 PM,70,980
Katia,HURRICANE-1,3,21.60,-94.60,09/07 6:00 PM,70,980
Katia,HURRICANE-1,3,21.50,-95.10,09/08 12:00 AM,75,982
Katia,HURRICANE-1,3,21.30,-95.40,09/08 6:00 AM,80,977
Katia,HURRICANE-2,4,21.00,-95.80,09/08 12:00 PM,85,975
Katia,HURRICANE-2,4,21.00,-96.50,09/08 6:00 PM,90,972
Katia,HURRICANE-1,3,20.60,-97.20,09/09 12:00 AM,65,988
Katia,TROPICAL STORM,2,20.30,-97.50,09/09 6:00 AM,35,1001
Lee,TROPICAL DEPRESSION,1,10.70,-25.40,09/15 12:00 AM,30,1010
Lee,TROPICAL DEPRESSION,1,10.60,-27.30,09/15 6:00 AM,30,1008
Lee,TROPICAL DEPRESSION,1,11.40,-28.30,09/15 12:00 PM,30,1008
Lee,TROPICAL DEPRESSION,1,12.60,-29.70,09/15 6:00 PM,30,1009
Lee,TROPICAL DEPRESSION,1,12.80,-30.70,09/16 12:00 AM,30,1009
Lee,TROPICAL DEPRESSION,1,12.60,-32.10,09/16 6:00 AM,30,1008
Lee,TROPICAL STORM,2,12.50,-33.10,09/16 12:00 PM,35,1007
Lee,TROPICAL STORM,2,12.60,-34.20,09/16 6:00 PM,35,1007
Lee,TROPICAL STORM,2,12.80,-34.90,09/17 12:00 AM,35,1007
Lee,TROPICAL STORM,2,13.00,-35.40,09/17 6:00 AM,35,1007
Lee,TROPICAL DEPRESSION,1,13.00,-36.70,09/17 12:00 PM,30,1007
Lee,TROPICAL DEPRESSION,1,13.20,-37.30,09/17 6:00 PM,30,1007
Lee,TROPICAL DEPRESSION,1,13.60,-38.50,09/18 12:00 AM,30,1007
Lee,TROPICAL DEPRESSION,1,14.10,-39.80,09/18 6:00 AM,30,1007
Lee,TROPICAL DEPRESSION,1,14.10,-40.60,09/18 12:00 PM,30,1007
Lee,TROPICAL DEPRESSION,1,15.00,-40.60,09/18 6:00 PM,30,1007
Lee,TROPICAL DEPRESSION,1,15.10,-43.00,09/19 12:00 AM,25,1007
Lee,TROPICAL DEPRESSION,1,30.80,-48.90,09/22 6:00 PM,30,1014
Lee,TROPICAL STORM,2,31.50,-49.00,09/23 12:00 AM,35,1009
Lee,TROPICAL STORM,2,31.90,-49.20,09/23 6:00 AM,35,1009
Lee,TROPICAL STORM,2,31.90,-49.40,09/23 12:00 PM,40,1007
Lee,TROPICAL STORM,2,32.10,-49.80,09/23 6:00 PM,40,1007
Lee,TROPICAL STORM,2,31.90,-50.10,09/24 12:00 AM,45,1003
Lee,HURRICANE-1,3,31.90,-50.10,09/24 6:00 AM,65,987
Lee,HURRICANE-1,3,31.80,-50.10,09/24 6:00 AM,75,983
Lee,HURRICANE-1,3,31.40,-49.90,09/24 12:00 PM,80,982
Lee,HURRICANE-1,3,31.30,-49.70,09/24 6:00 PM,80,980
Lee,HURRICANE-1,3,31.10,-49.50,09/25 12:00 AM,80,980
Lee,HURRICANE-1,3,31.10,-49.40,09/25 6:00 AM,80,980
Lee,HURRICANE-1,3,30.80,-49.90,09/25 12:00 PM,80,980
Lee,HURRICANE-1,3,30.50,-50.60,09/25 6:00 PM,75,983
Lee,HURRICANE-1,3,30.20,-51.50,09/26 12:00 AM,80,979
Lee,HURRICANE-2,4,30.00,-52.50,09/26 6:00 AM,85,977
Lee,HURRICANE-2,4,29.90,-53.70,09/26 12:00 PM,90,975
Lee,HURRICANE-2,4,29.90,-54.60,09/26 6:00 PM,95,971
Lee,HURRICANE-2,4,30.00,-55.50,09/27 12:00 AM,95,971
Lee,HURRICANE-2,4,30.20,-56.30,09/27 6:00 AM,95,971
Lee,HURRICANE-3,5,30.60,-56.80,09/27 12:00 PM,100,963
Lee,HURRICANE-3,5,31.20,-57.10,09/27 6:00 PM,100,962
Lee,HURRICANE-2,4,31.70,-57.30,09/28 12:00 AM,95,966
Lee,HURRICANE-2,4,32.50,-57.20,09/28 6:00 AM,95,966
Lee,HURRICANE-2,4,33.70,-57.00,09/28 12:00 PM,85,973
Lee,HURRICANE-1,3,35.10,-55.80,09/28 6:00 PM,80,977
Lee,HURRICANE-1,3,36.30,-54.60,09/29 12:00 AM,70,984
Lee,HURRICANE-1,3,38.30,-52.40,09/29 6:00 AM,65,987
Lee,TROPICAL STORM,2,40.10,-49.50,09/29 12:00 PM,60,992
Lee,TROPICAL STORM,2,42.20,-46.00,09/29 6:00 PM,55,996
Maria,TROPICAL STORM,2,12.30,-52.60,09/16 6:00 PM,45,1002
Maria,TROPICAL STORM,2,12.50,-53.70,09/17 12:00 AM,45,1002
Maria,TROPICAL STORM,2,13.00,-54.90,09/17 6:00 AM,55,994
Maria,TROPICAL STORM,2,13.50,-56.20,09/17 12:00 PM,55,994
Maria,HURRICANE-1,3,13.80,-57.50,09/17 6:00 PM,65,982
Maria,HURRICANE-1,3,14.20,-58.40,09/18 12:00 AM,75,979
Maria,HURRICANE-1,3,14.60,-59.50,09/18 6:00 AM,80,977
Maria,HURRICANE-3,5,14.70,-60.10,09/18 12:00 PM,105,959
Maria,HURRICANE-4,6,15.10,-60.70,09/18 6:00 PM,115,950
Maria,HURRICANE-5,7,15.30,-61.10,09/18 6:00 PM,140,925
Maria,HURRICANE-5,7,15.50,-61.40,09/19 12:00 AM,140,924
Maria,HURRICANE-4,6,16.00,-62.30,09/19 6:00 AM,135,934
Maria,HURRICANE-5,7,16.30,-63.10,09/19 12:00 PM,140,927
Maria,HURRICANE-5,7,16.80,-64.00,09/19 6:00 PM,145,916
Maria,HURRICANE-5,7,17.30,-64.70,09/20 12:00 AM,150,909
Maria,HURRICANE-4,6,17.90,-65.60,09/20 6:00 AM,135,917
Maria,HURRICANE-4,6,18.40,-66.50,09/20 12:00 PM,120,930
Maria,HURRICANE-2,4,18.80,-67.30,09/20 6:00 PM,95,957
Maria,HURRICANE-2,4,19.20,-67.90,09/21 12:00 AM,95,959
Maria,HURRICANE-3,5,19.60,-68.40,09/21 6:00 AM,100,959
Maria,HURRICANE-3,5,20.20,-69.10,09/21 12:00 PM,100,960
Maria,HURRICANE-3,5,20.80,-69.80,09/21 6:00 PM,105,960
Maria,HURRICANE-3,5,21.00,-70.20,09/22 12:00 AM,110,955
Maria,HURRICANE-3,5,21.60,-70.60,09/22 6:00 AM,110,959
Maria,HURRICANE-3,5,22.30,-71.00,09/22 12:00 PM,110,958
Maria,HURRICANE-3,5,23.30,-71.40,09/22 6:00 PM,110,959
Maria,HURRICANE-3,5,24.10,-71.70,09/23 12:00 AM,110,954
Maria,HURRICANE-3,5,24.80,-72.00,09/23 6:00 AM,105,952
Maria,HURRICANE-3,5,25.40,-72.30,09/23 12:00 PM,100,952
Maria,HURRICANE-3,5,26.30,-72.50,09/23 6:00 PM,100,950
Maria,HURRICANE-3,5,27.00,-72.50,09/24 12:00 AM,100,942
Maria,HURRICANE-2,4,27.90,-72.70,09/24 6:00 AM,95,948
Maria,HURRICANE-2,4,28.70,-72.90,09/24 12:00 PM,90,947
Maria,HURRICANE-2,4,29.40,-73.00,09/24 6:00 PM,90,941
Maria,HURRICANE-1,3,30.00,-73.00,09/25 12:00 AM,80,950
Maria,HURRICANE-1,3,30.60,-73.00,09/25 6:00 AM,70,957
Maria,HURRICANE-1,3,31.20,-72.90,09/25 12:00 PM,70,963
Maria,HURRICANE-1,3,31.70,-73.10,09/25 6:00 PM,70,965
Maria,HURRICANE-1,3,32.30,-73.10,09/26 12:00 AM,70,969
Maria,HURRICANE-1,3,32.90,-73.10,09/26 6:00 AM,65,970
Maria,HURRICANE-1,3,33.60,-73.10,09/26 12:00 PM,65,971
Maria,TROPICAL STORM,2,34.10,-73.00,09/26 6:00 PM,60,974
Maria,TROPICAL STORM,2,34.90,-72.90,09/27 12:00 AM,60,975
Maria,TROPICAL STORM,2,35.10,-72.90,09/27 6:00 AM,60,976
Maria,HURRICANE-1,3,35.60,-72.60,09/27 12:00 PM,65,978
Maria,HURRICANE-1,3,36.20,-72.10,09/27 6:00 PM,65,979
Maria,HURRICANE-1,3,36.80,-71.50,09/28 12:00 AM,65,979
Maria,TROPICAL STORM,2,36.80,-71.00,09/28 6:00 AM,60,982
Maria,TROPICAL STORM,2,36.80,-69.30,09/28 12:00 PM,60,982
Maria,TROPICAL STORM,2,36.80,-67.80,09/28 6:00 PM,55,985
Maria,TROPICAL STORM,2,37.10,-65.50,09/29 12:00 AM,55,985
Maria,TROPICAL STORM,2,37.20,-63.30,09/29 6:00 AM,50,987
Maria,TROPICAL STORM,2,37.50,-60.10,09/29 12:00 PM,50,988
Maria,TROPICAL STORM,2,37.80,-57.40,09/29 6:00 PM,50,988
Maria,TROPICAL STORM,2,38.60,-53.90,09/30 12:00 AM,50,988
Maria,TROPICAL STORM,2,39.60,-50.50,09/30 6:00 AM,50,988
Maria,TROPICAL STORM,2,40.70,-47.20,09/30 12:00 PM,50,989
Nate,TROPICAL DEPRESSION,1,12.20,-81.90,10/04 12:00 PM,30,1005
Nate,TROPICAL DEPRESSION,1,12.50,-82.50,10/04 6:00 PM,30,1005
Nate,TROPICAL DEPRESSION,1,12.80,-82.70,10/05 12:00 AM,30,1004
Nate,TROPICAL DEPRESSION,1,13.30,-83.30,10/05 6:00 AM,30,1004
Nate,TROPICAL STORM,2,14.30,-83.70,10/05 12:00 PM,35,999
Nate,TROPICAL STORM,2,14.90,-84.30,10/05 6:00 PM,35,1000
Nate,TROPICAL STORM,2,15.80,-84.70,10/06 12:00 AM,35,1000
Nate,TROPICAL STORM,2,16.90,-85.10,10/06 6:00 AM,40,999
Nate,TROPICAL STORM,2,18.70,-85.00,10/06 12:00 PM,45,996
Nate,TROPICAL STORM,2,20.30,-85.70,10/06 6:00 PM,50,993
Nate,TROPICAL STORM,2,22.30,-86.40,10/07 12:00 AM,60,990
Nate,HURRICANE-1,3,24.50,-87.00,10/07 6:00 AM,70,987
Nate,HURRICANE-1,3,26.60,-88.40,10/07 12:00 PM,80,984
Nate,HURRICANE-1,3,28.40,-89.10,10/07 6:00 PM,80,981
Nate,HURRICANE-1,3,29.90,-89.10,10/08 12:00 AM,75,984
Nate,TROPICAL STORM,2,31.50,-88.40,10/08 6:00 AM,60,986
Nate,TROPICAL DEPRESSION,1,33.10,-87.30,10/08 12:00 PM,30,996
Nate,TROPICAL DEPRESSION,1,35.00,-86.50,10/08 6:00 PM,30,997
Nate,TROPICAL DEPRESSION,1,36.40,-85.50,10/09 12:00 AM,30,1002
Ophelia,TROPICAL DEPRESSION,1,31.10,-39.90,10/09 6:00 AM,30,1008
Ophelia,TROPICAL STORM,2,31.40,-39.90,10/09 12:00 PM,35,1008
Ophelia,TROPICAL STORM,2,31.50,-39.60,10/09 6:00 PM,40,1005
Ophelia,TROPICAL STORM,2,32.30,-39.00,10/10 12:00 AM,45,1002
Ophelia,TROPICAL STORM,2,31.90,-38.80,10/10 6:00 AM,45,1002
Ophelia,TROPICAL STORM,2,31.50,-38.30,10/10 12:00 PM,45,1002
Ophelia,TROPICAL STORM,2,31.10,-38.00,10/10 6:00 PM,50,1001
Ophelia,TROPICAL STORM,2,30.70,-37.60,10/11 12:00 AM,45,1002
Ophelia,TROPICAL STORM,2,30.20,-37.00,10/11 6:00 AM,55,996
Ophelia,TROPICAL STORM,2,30.00,-36.50,10/11 12:00 PM,60,992
Ophelia,HURRICANE-1,3,30.00,-36.10,10/11 6:00 PM,65,990
Ophelia,HURRICANE-1,3,30.00,-35.70,10/12 12:00 AM,75,986
Ophelia,HURRICANE-1,3,30.30,-35.60,10/12 6:00 AM,75,986
Ophelia,HURRICANE-1,3,30.50,-35.60,10/12 12:00 PM,80,978
Ophelia,HURRICANE-2,4,30.40,-35.50,10/12 6:00 PM,85,973
Ophelia,HURRICANE-2,4,30.70,-34.70,10/13 12:00 AM,90,970
Ophelia,HURRICANE-2,4,31.10,-33.90,10/13 6:00 AM,90,970
Ophelia,HURRICANE-2,4,31.80,-32.90,10/13 12:00 PM,85,971
Ophelia,HURRICANE-2,4,32.30,-31.80,10/13 6:00 PM,85,971
Ophelia,HURRICANE-2,4,33.00,-30.60,10/14 12:00 AM,85,971
Ophelia,HURRICANE-2,4,33.90,-28.60,10/14 6:00 AM,85,971
Ophelia,HURRICANE-3,5,34.80,-26.60,10/14 12:00 PM,100,960
Ophelia,HURRICANE-3,5,35.90,-23.70,10/14 6:00 PM,100,960
Ophelia,HURRICANE-3,5,37.30,-21.50,10/15 12:00 AM,100,960
Ophelia,HURRICANE-2,4,39.00,-18.30,10/15 6:00 AM,90,964
Ophelia,HURRICANE-1,3,41.60,-16.00,10/16 12:00 AM,80,973
Ophelia,HURRICANE-1,3,44.60,-13.30,10/15 6:00 PM,75,971
Alex,TROPICAL STORM,2,27.1,-30.8,01/13 6:00 PM,45,990
Alex,TROPICAL STORM,2,28.7,-30,01/14 12:00 AM,50,988
Alex,TROPICAL STORM,2,30.1,-29.3,01/14 6:00 AM,60,984
Alex,HURRICANE-1,3,31.5,-28.4,01/14 12:00 PM,75,981
Alex,HURRICANE-1,3,33.6,-27.8,01/14 6:00 PM,75,981
Alex,HURRICANE-1,3,34.7,-27.6,01/15 12:00 AM,70,984
Alex,HURRICANE-1,3,36.8,-27,01/15 6:00 AM,65,986
Alex,HURRICANE-1,3,39.3,-27,01/15 12:00 PM,60,986
Alex,HURRICANE-1,3,43,-27.8,01/15 6:00 PM,60,986
Earl,TROPICAL STORM,2,16.3,-80.2,08/02 12:00 PM,40,1001
Earl,TROPICAL STORM,2,16.4,-81.5,08/02 6:00 PM,45,1002
Earl,TROPICAL STORM,2,16.4,-83,08/03 12:00 AM,50,996
Earl,TROPICAL STORM,2,16.1,-83.7,08/03 6:00 AM,55,994
Earl,TROPICAL STORM,2,16.5,-84.8,08/03 12:00 PM,60,989
Earl,TROPICAL STORM,2,17.1,-86,08/03 6:00 PM,60,990
Earl,HURRICANE-1,3,17.4,-87.6,08/04 12:00 AM,65,984
Earl,HURRICANE-1,3,17.3,-88.9,08/04 6:00 AM,65,982
Earl,TROPICAL STORM,2,17.2,-89.9,08/04 12:00 PM,45,990
Earl,TROPICAL STORM,2,17.6,-90.8,08/04 6:00 PM,35,990
Earl,TROPICAL STORM,2,18.1,-91.7,08/05 12:00 AM,35,1000
Earl,TROPICAL STORM,2,18.4,-92.8,08/05 6:00 AM,35,1002
Earl,TROPICAL STORM,2,18.6,-94.2,08/05 12:00 PM,35,1001
Earl,TROPICAL STORM,2,18.8,-95,08/05 6:00 PM,50,1001
Earl,TROPICAL STORM,2,19,-95.9,08/06 12:00 AM,50,999
Earl,TROPICAL STORM,2,19,-97,08/06 6:00 AM,35,1003
Earl,TROPICAL STORM,2,19,-98,08/06 12:00 PM,25,1005
Hermine,TROPICAL DEPRESSION,1,23.7,-81.7,08/28 6:00 PM,30,1009
Hermine,TROPICAL DEPRESSION,1,23.4,-82.7,08/29 12:00 AM,30,1007
Hermine,TROPICAL DEPRESSION,1,23.5,-83.9,08/29 6:00 AM,30,1007
Hermine,TROPICAL DEPRESSION,1,23.6,-84.3,08/29 12:00 PM,30,1007
Hermine,TROPICAL DEPRESSION,1,24,-84.8,08/29 6:00 PM,30,1007
Hermine,TROPICAL DEPRESSION,1,23.9,-85.5,08/30 12:00 AM,30,1003
Hermine,TROPICAL DEPRESSION,1,23.8,-86.6,08/30 6:00 AM,30,1003
Hermine,TROPICAL DEPRESSION,1,24,-87.2,08/30 12:00 PM,30,1004
Hermine,TROPICAL DEPRESSION,1,24.4,-87.3,08/30 6:00 PM,30,1004
Hermine,TROPICAL DEPRESSION,1,24.3,-87.8,08/31 12:00 AM,30,1004
Hermine,TROPICAL DEPRESSION,1,24.5,-88.1,08/31 6:00 AM,30,1004
Hermine,TROPICAL DEPRESSION,1,24.6,-88,08/31 12:00 PM,30,1001
Hermine,TROPICAL STORM,2,25.5,-87.4,08/31 6:00 PM,40,1004
Hermine,TROPICAL STORM,2,25.8,-87,09/01 12:00 AM,55,998
Hermine,TROPICAL STORM,2,26.4,-86.6,09/01 6:00 AM,55,996
Hermine,TROPICAL STORM,2,27.4,-86,09/01 12:00 PM,60,991
Hermine,HURRICANE-1,3,27.8,-85.6,09/01 6:00 PM,65,988
Hermine,HURRICANE-1,3,28.5,-85,09/02 12:00 AM,70,983
Hermine,HURRICANE-1,3,29.7,-84.3,09/02 6:00 AM,70,984
Hermine,TROPICAL STORM,2,30.8,-83.6,09/02 12:00 PM,60,988
Hermine,TROPICAL STORM,2,31.9,-82,09/02 6:00 PM,45,989
Hermine,TROPICAL STORM,2,33,-80.5,09/03 12:00 AM,45,993
Hermine,TROPICAL STORM,2,34.1,-78.4,09/03 6:00 AM,45,997
Hermine,TROPICAL STORM,2,35.4,-76.5,09/03 12:00 PM,50,997
Gaston,TROPICAL DEPRESSION,1,12.1,-29,08/22 6:00 PM,30,1006
Gaston,TROPICAL STORM,2,12.6,-30.7,08/23 12:00 AM,35,1005
Gaston,TROPICAL STORM,2,13.2,-32.4,08/23 6:00 AM,45,1004
Gaston,TROPICAL STORM,2,13.8,-34.6,08/23 12:00 PM,55,1002
Gaston,TROPICAL STORM,2,14.2,-35.8,08/23 6:00 PM,55,1002
Gaston,TROPICAL STORM,2,14.7,-37.1,08/24 12:00 AM,55,1002
Gaston,TROPICAL STORM,2,14.9,-38.6,08/24 6:00 AM,60,999
Gaston,TROPICAL STORM,2,16.1,-39.4,08/24 12:00 PM,55,999
Gaston,TROPICAL STORM,2,17.4,-40.6,08/24 6:00 PM,60,990
Gaston,TROPICAL STORM,2,18.6,-42.1,08/25 12:00 AM,60,990
Gaston,HURRICANE-1,3,19.5,-43.3,08/25 6:00 AM,65,988
Gaston,TROPICAL STORM,2,20.4,-44.4,08/25 12:00 PM,60,992
Gaston,TROPICAL STORM,2,21.6,-45.5,08/25 6:00 PM,55,994
Gaston,TROPICAL STORM,2,22.8,-46.4,08/26 12:00 AM,55,997
Gaston,TROPICAL STORM,2,24.5,-48.1,08/26 6:00 AM,55,997
Gaston,TROPICAL STORM,2,25.2,-48.3,08/26 12:00 PM,55,997
Gaston,TROPICAL STORM,2,26.2,-49.7,08/26 6:00 PM,55,997
Gaston,TROPICAL STORM,2,27,-50.8,08/27 12:00 AM,55,997
Gaston,TROPICAL STORM,2,27.9,-52,08/27 6:00 AM,55,995
Gaston,TROPICAL STORM,2,28.4,-53.2,08/27 12:00 PM,60,995
Gaston,TROPICAL STORM,2,29.2,-54,08/27 6:00 PM,60,993
Gaston,HURRICANE-1,3,29.6,-54.2,08/28 12:00 AM,75,980
Gaston,HURRICANE-1,3,30.1,-54.6,08/28 6:00 AM,80,975
Gaston,HURRICANE-2,4,30.5,-54.8,08/28 12:00 PM,90,970
Gaston,HURRICANE-3,5,30.8,-55.1,08/28 6:00 PM,100,962
Gaston,HURRICANE-3,5,30.6,-55.2,08/29 12:00 AM,105,957
Gaston,HURRICANE-3,5,30.8,-55.2,08/29 6:00 AM,100,960
Gaston,HURRICANE-2,4,31,-55.4,08/29 12:00 PM,95,963
Gaston,HURRICANE-2,4,31.2,-55.2,08/29 6:00 PM,90,968
Gaston,HURRICANE-2,4,31.6,-54.6,08/30 12:00 AM,90,968
Gaston,HURRICANE-2,4,32.1,-53.6,08/30 6:00 AM,85,971
Gaston,HURRICANE-2,4,32.2,-52.9,08/30 12:00 PM,90,968
Gaston,HURRICANE-2,4,32.6,-51.9,08/30 6:00 PM,95,964
Gaston,HURRICANE-3,5,32.9,-50.9,08/31 12:00 AM,105,956
Gaston,HURRICANE-3,5,33.4,-50.2,08/31 6:00 AM,105,956
Gaston,HURRICANE-3,5,34,-48.6,08/31 12:00 PM,100,961
Gaston,HURRICANE-2,4,35,-46.9,08/31 6:00 PM,90,969
Gaston,HURRICANE-2,4,36,-45.4,09/01 12:00 AM,90,970
Gaston,HURRICANE-1,3,36.8,-43.3,09/01 6:00 AM,80,977
Gaston,HURRICANE-1,3,37.6,-40.6,09/01 12:00 PM,70,980
Gaston,HURRICANE-1,3,38.4,-37.1,09/01 6:00 PM,70,984
Gaston,HURRICANE-1,3,38.3,-36,09/02 12:00 AM,65,989
Gaston,TROPICAL STORM,2,38.5,-34.5,09/02 6:00 AM,55,992
Gaston,TROPICAL STORM,2,39.1,-32,09/02 12:00 PM,60,990
Gaston,TROPICAL STORM,2,39.6,-30.4,09/02 6:00 PM,45,1000
Gaston,TROPICAL STORM,2,40.1,-28.7,09/03 12:00 AM,35,1003
Matthew,TROPICAL STORM,2,13.4,-60.7,09/28 12:00 PM,50,1008
Matthew,TROPICAL STORM,2,13.8,-62,09/28 6:00 PM,50,1008
Matthew,TROPICAL STORM,2,13.9,-63.1,09/29 12:00 AM,55,1004
Matthew,TROPICAL STORM,2,14,-64.7,09/29 6:00 AM,55,1002
Matthew,TROPICAL STORM,2,14.2,-66.3,09/29 12:00 PM,60,996
Matthew,HURRICANE-1,3,14.1,-67.8,09/29 6:00 PM,65,993
Matthew,HURRICANE-1,3,14.1,-68.8,09/30 12:00 AM,70,983
Matthew,HURRICANE-2,4,14.1,-69.3,09/30 6:00 AM,85,979
Matthew,HURRICANE-2,4,14,-69.9,09/30 12:00 PM,85,979
Matthew,HURRICANE-3,5,13.7,-70.8,09/30 6:00 PM,100,968
Matthew,HURRICANE-4,6,13.5,-71.6,10/01 12:00 AM,120,949
Matthew,HURRICANE-5,7,13.3,-72.3,10/01 3:00 AM,140,941
Matthew,HURRICANE-4,6,13.3,-72.8,10/01 6:00 AM,135,942
Matthew,HURRICANE-4,6,13.4,-73.4,10/01 12:00 PM,125,947
Matthew,HURRICANE-4,6,13.5,-73.4,10/01 6:00 PM,130,940
Matthew,HURRICANE-4,6,13.8,-73.6,10/02 3:00 AM,130,940
Matthew,HURRICANE-4,6,13.9,-74.1,10/02 9:00 AM,130,940
Matthew,HURRICANE-4,6,14,-74.6,10/02 3:00 PM,120,947
Matthew,HURRICANE-4,6,14.6,-74.8,10/02 9:00 PM,125,945
Matthew,HURRICANE-4,6,14.7,-75,10/03 3:00 AM,125,943
Matthew,HURRICANE-4,6,15.2,-74.9,10/03 9:00 AM,115,943
Matthew,HURRICANE-4,6,15.6,-75,10/03 3:00 PM,120,941
Matthew,HURRICANE-4,6,16.3,-74.7,10/03 9:00 PM,120,940
Matthew,HURRICANE-4,6,16.9,-74.6,10/04 3:00 AM,125,934
Matthew,HURRICANE-4,6,17.8,-74.4,10/04 9:00 AM,125,934
Matthew,HURRICANE-4,6,18.9,-74.3,10/04 12:00 PM,125,950
Matthew,HURRICANE-4,6,19.8,-74.3,10/04 6:00 PM,120,949
Matthew,HURRICANE-4,6,20.4,-74.4,10/05 3:00 AM,115,950
Matthew,HURRICANE-3,5,21.1,-74.6,10/05 9:00 AM,110,962
Matthew,HURRICANE-3,5,21.8,-75.2,10/05 3:00 PM,105,962
Matthew,HURRICANE-3,5,22.1,-75.3,10/05 6:00 PM,105,963
Matthew,HURRICANE-3,5,22.5,-75.7,10/05 9:00 PM,105,963
Matthew,HURRICANE-3,5,23,-76,10/06 12:00 AM,100,962
Matthew,HURRICANE-3,5,23.4,-76.4,10/06 3:00 AM,100,961
Matthew,HURRICANE-3,5,23.7,-76.7,10/06 6:00 AM,100,954
Matthew,HURRICANE-3,5,24.2,-77.1,10/06 9:00 AM,110,944
Matthew,HURRICANE-3,5,24.6,-77.5,10/06 12:00 PM,110,940
Matthew,HURRICANE-4,6,25.1,-77.8,10/06 3:00 PM,120,940
Matthew,HURRICANE-4,6,25.7,-78.4,10/06 6:00 PM,120,939
Matthew,HURRICANE-4,6,26.2,-78.6,10/06 9:00 PM,120,938
Matthew,HURRICANE-4,6,26.6,-78.9,10/07 12:00 AM,115,939
Matthew,HURRICANE-4,6,27.1,-79.2,10/07 3:00 AM,115,939
Matthew,HURRICANE-3,5,27.6,-79.7,10/07 6:00 AM,105,938
Matthew,HURRICANE-3,5,28.2,-80,10/07 9:00 AM,105,938
Matthew,HURRICANE-3,5,28.9,-80.3,10/07 12:00 PM,105,944
Matthew,HURRICANE-3,5,29.4,-80.5,10/07 3:00 PM,105,947
Matthew,HURRICANE-3,5,30.8,-80.7,10/08 12:00 AM,100,947
Matthew,HURRICANE-2,4,30.7,-80.6,10/08 12:00 AM,95,948
Matthew,HURRICANE-2,4,31.2,-80.5,10/08 3:00 AM,90,948
Matthew,HURRICANE-2,4,31.6,-80.6,10/08 6:00 AM,90,955
Matthew,HURRICANE-2,4,32,-80.5,10/08 9:00 AM,90,955
Matthew,HURRICANE-1,3,32.5,-79.8,10/08 12:00 PM,75,962
Matthew,HURRICANE-1,3,33,-79.4,10/08 3:00 PM,65,967
Matthew,HURRICANE-1,3,33.7,-79,10/08 6:00 PM,65,972
Matthew,HURRICANE-1,3,33.8,-78.2,10/08 9:00 PM,65,977
Matthew,HURRICANE-1,3,33.8,-77.3,10/09 12:00 AM,65,981
Matthew,HURRICANE-1,3,34.1,-76.5,10/09 3:00 AM,65,982
Matthew,HURRICANE-1,3,34.8,-75.8,10/09 6:00 AM,65,983
Nicole,TROPICAL STORM,2,23.8,-60.4,10/04 12:00 PM,45,1005
Nicole,TROPICAL STORM,2,24.1,-61.1,10/04 6:00 PM,45,1005
Nicole,TROPICAL STORM,2,24.2,-61.3,10/05 3:00 AM,45,1005
Nicole,TROPICAL STORM,2,24.3,-61.8,10/05 9:00 AM,45,1005
Nicole,TROPICAL STORM,2,25,-62.8,10/05 3:00 PM,45,1004
Nicole,TROPICAL STORM,2,25.3,-63.5,10/05 9:00 PM,50,1001
Nicole,TROPICAL STORM,2,26,-64.1,10/06 3:00 AM,60,995
Nicole,TROPICAL STORM,2,26.5,-64.7,10/06 9:00 AM,60,995
Nicole,TROPICAL STORM,2,26.8,-64.8,10/06 3:00 PM,60,995
Nicole,HURRICANE-1,3,27.3,-65,10/06 6:00 PM,70,985
Nicole,HURRICANE-1,3,27.5,-65.1,10/06 9:00 PM,75,982
Nicole,HURRICANE-2,4,27.4,-65.2,10/07 3:00 AM,90,968
Nicole,HURRICANE-2,4,27.3,-65.2,10/07 9:00 AM,85,970
Nicole,TROPICAL STORM,2,27.5,-65.3,10/07 3:00 PM,60,985
Nicole,TROPICAL STORM,2,27,-65.2,10/07 9:00 PM,55,994
Nicole,TROPICAL STORM,2,26.3,-65.3,10/08 3:00 AM,50,997
Nicole,TROPICAL STORM,2,25.9,-65.6,10/08 9:00 AM,45,999
Nicole,TROPICAL STORM,2,25.2,-65.7,10/08 3:00 PM,35,1005
Nicole,TROPICAL STORM,2,24.8,-65.8,10/08 9:00 PM,45,999
Nicole,TROPICAL STORM,2,24.4,-65.7,10/09 3:00 AM,45,999
Nicole,TROPICAL STORM,2,24.3,-65.7,10/09 9:00 AM,45,999
Nicole,TROPICAL STORM,2,24,-65.4,10/09 3:00 PM,50,996
Nicole,TROPICAL STORM,2,24.4,-65.3,10/10 12:00 AM,55,-
Nicole,TROPICAL STORM,2,24.4,-65.3,10/10 3:00 AM,55,989
Nicole,TROPICAL STORM,2,25.1,-65.3,10/10 12:00 PM,55,-
Nicole,TROPICAL STORM,2,25.7,-65.2,10/10 3:00 PM,50,992
Nicole,TROPICAL STORM,2,26.3,-65.4,10/10 9:00 PM,50,992
Nicole,TROPICAL STORM,2,26.7,-65.4,10/11 12:00 AM,50,992
Nicole,TROPICAL STORM,2,26.9,-65.7,10/11 6:00 AM,55,-
Nicole,TROPICAL STORM,2,26.9,-65.8,10/11 6:00 AM,50,992
Nicole,TROPICAL STORM,2,27.1,-65.9,10/11 9:00 AM,50,992
Nicole,TROPICAL STORM,2,27.2,-66,10/11 12:00 PM,50,992
Nicole,TROPICAL STORM,2,27.3,-65.9,10/11 3:00 PM,55,990
Nicole,HURRICANE-1,3,27.3,-66.3,10/11 6:00 PM,65,982
Nicole,HURRICANE-1,3,27.4,-66.4,10/11 9:00 PM,70,980
Nicole,HURRICANE-1,3,27.3,-66.5,10/12 12:00 AM,75,974
Nicole,HURRICANE-1,3,27.3,-66.6,10/12 3:00 AM,80,970
Nicole,HURRICANE-1,3,27.7,-66.8,10/12 6:00 AM,80,970
Nicole,HURRICANE-2,4,27.9,-67,10/12 9:00 AM,85,970
Nicole,HURRICANE-2,4,28,-66.9,10/12 12:00 PM,85,969
Nicole,HURRICANE-2,4,28.4,-66.9,10/12 3:00 PM,85,969
Nicole,HURRICANE-2,4,28.8,-66.8,10/12 6:00 PM,85,969
Nicole,HURRICANE-2,4,29.2,-66.6,10/12 9:00 PM,95,962
Nicole,HURRICANE-4,6,30.1,-66.4,10/13 3:00 AM,115,950
Nicole,HURRICANE-4,6,30.6,-66.2,10/13 6:00 AM,115,950
Nicole,HURRICANE-4,6,31.1,-65.8,10/13 9:00 AM,115,952
Nicole,HURRICANE-3,5,31.6,-65.2,10/13 12:00 PM,110,953
Nicole,HURRICANE-3,5,32.7,-64.3,10/13 6:00 PM,105,-
Nicole,HURRICANE-3,5,33.3,-63.8,10/13 6:00 PM,100,962
Nicole,HURRICANE-2,4,33.6,-63.2,10/13 9:00 PM,95,963
Nicole,HURRICANE-2,4,33.8,-62.3,10/14 12:00 AM,95,963
Nicole,HURRICANE-2,4,34.4,-61.2,10/14 3:00 AM,85,967
Nicole,HURRICANE-1,3,35.4,-59.2,10/14 9:00 AM,75,965
Nicole,HURRICANE-1,3,35.8,-58,10/14 3:00 PM,70,968
Nicole,HURRICANE-1,3,36.5,-55.7,10/14 9:00 PM,65,971
Nicole,TROPICAL STORM,2,37.4,-53.3,10/15 3:00 AM,60,978
Nicole,HURRICANE-1,3,38.2,-51,10/15 12:00 PM,70,-
Nicole,HURRICANE-1,3,39.4,-49.4,10/15 9:00 PM,75,960
Nicole,HURRICANE-1,3,39.2,-47.7,10/16 9:00 AM,75,958
Nicole,HURRICANE-1,3,39.1,-46.6,10/16 3:00 PM,75,958
Nicole,HURRICANE-1,3,39.7,-45.6,10/16 9:00 PM,70,960
Nicole,HURRICANE-1,3,40.5,-45.5,10/17 3:00 AM,70,960
Nicole,HURRICANE-1,3,41,-45.2,10/17 9:00 AM,65,960
Nicole,HURRICANE-1,3,41.4,-44.6,10/17 3:00 PM,65,962
Nicole,HURRICANE-1,3,42.7,-42.6,10/17 9:00 PM,65,962
Nicole,TROPICAL STORM,2,44.8,-41,10/18 3:00 AM,60,968
Otto,TROPICAL DEPRESSION,1,11.5,-79.4,11/21 9:00 AM,30,1002
Otto,TROPICAL DEPRESSION,1,11.5,-79.3,11/21 3:00 PM,30,1002
Otto,TROPICAL STORM,2,11.5,-79.3,11/21 6:00 PM,45,1000
Otto,TROPICAL STORM,2,11.3,-79.2,11/21 9:00 PM,45,1000
Otto,TROPICAL STORM,2,10.9,-79.1,11/22 3:00 AM,50,998
Otto,TROPICAL STORM,2,10.7,-79,11/22 6:00 AM,50,998
Otto,TROPICAL STORM,2,10.7,-79,11/22 9:00 AM,50,998
Otto,TROPICAL STORM,2,10.5,-79.1,11/22 12:00 PM,60,986
Otto,TROPICAL STORM,2,10.4,-79.2,11/22 3:00 PM,60,986
Otto,TROPICAL STORM,2,10.4,-79.4,11/22 6:00 PM,60,986
Otto,HURRICANE-1,3,10.5,-79.6,11/22 9:00 PM,65,984
Otto,HURRICANE-1,3,10.6,-79.7,11/23 12:00 AM,65,987
Otto,HURRICANE-1,3,10.7,-79.8,11/23 3:00 AM,65,988
Otto,HURRICANE-1,3,10.8,-80,11/23 6:00 AM,65,988
Otto,HURRICANE-1,3,10.9,-80.4,11/23 9:00 AM,65,988
Otto,TROPICAL STORM,2,11,-80.5,11/23 12:00 PM,60,994
Otto,TROPICAL STORM,2,11.1,-80.7,11/23 3:00 PM,60,994
Otto,TROPICAL STORM,2,11.1,-81,11/23 6:00 PM,60,994
Otto,TROPICAL STORM,2,11.2,-81.3,11/23 9:00 PM,60,994
Otto,HURRICANE-1,3,11.2,-81.8,11/24 12:00 AM,65,984
Otto,HURRICANE-1,3,11.2,-82.2,11/24 3:00 AM,75,981
Otto,HURRICANE-1,3,11.2,-82.4,11/24 6:00 AM,75,981
Otto,HURRICANE-1,3,11.2,-82.9,11/24 9:00 AM,75,981
Otto,HURRICANE-2,4,11,-82.9,11/24 12:00 PM,90,976
Otto,HURRICANE-2,4,11,-83.4,11/24 3:00 PM,95,975
Otto,HURRICANE-2,4,11,-83.9,11/24 6:00 PM,95,975
Otto,HURRICANE-2,4,11,-84.3,11/24 9:00 PM,85,979
Otto,HURRICANE-1,3,11,-84.9,11/25 12:00 AM,65,987
Otto,TROPICAL STORM,2,10.9,-85.6,11/25 3:00 AM,60,990
Otto,TROPICAL STORM,2,10.8,-86.2,11/25 6:00 AM,60,990